index,project_name
0,AVNSHARP
1,TREQ
2,CLI
3,CMDA
4,MXNETTEST
5,SMX4NMR
6,JCRSERVLET
7,DIR
8,IMAP
9,PRIMITIVES
10,NETBEANS
11,DOXIA
12,ARIA
13,DI
14,TRIPLES
15,ASYNCWEB
16,TILESSB
17,SCOUT
18,COMPRESS
19,KAFKA
20,SAMOA
21,FLINK
22,XMLCOMMONS
23,HTTPCORE
24,GEODE
25,RATIS
26,BLUR
27,TESTTTTT
28,CLOWNFISH
29,MINIFI
30,COCOON3
31,CENTRAL
32,AWF
33,MARMOTTA
34,CUSTOS
35,YUNIKORN
36,VELOCITY
37,LUCY
38,BIGTOP
39,WAVE
40,MCHECKSTYLE
41,SUREFIRE
42,GERONIMODEVTOOLS
43,JACOB
44,MWAR
45,NIFILIBS
46,NUTTX
47,OPENWIRE
48,STOMP
49,HTTPASYNC
50,XBEAN
51,SAVAN
52,HIVEMALL
53,ZETACOMP
54,PRC
55,NUTCH
56,MPLUGIN
57,MIRAE
58,TEPHRA
59,THRIFT
60,MANTTASKS
61,BLUEMARLIN
62,MEAR
63,ABDERA
64,IMPALA
65,USERGRID
66,SYSTEMDS
67,POOL
68,GOSSIP
69,JCR
70,SHIRO
71,HERMES
72,WW
73,MYFACES
74,NEETHI
75,DATASKETCHES
76,WICKET
77,GRIFFIN
78,INFRATEST3
79,YETUS
80,ZOOKEEPER
81,ARTEMIS
82,OFBIZ
83,SANDESHA2
84,MAPREDUCE
85,INLONG
86,AAR
87,PEGASUS
88,TUSCANY
89,RESOURCES
90,TWILL
91,JS1
92,SCM
93,DVSL
94,RBATIS
95,BSF
96,STATISTICS
97,CLK
98,JDKIM
99,CB
100,MGPG
101,AVRO
102,DOSGI
103,MJAR
104,MSITE
105,MTOMCAT
106,MPOM
107,BROOKLYN
108,HOP
109,TOBAGO
110,GBUILD
111,AXIS2
112,OWC
113,TAJO
114,VELOCITYSB
115,OPENMEETINGS
116,CLOUDSTACK
117,AURORA
118,JENA
119,ALOIS
120,IBATISNET
121,FALCON
122,VFS
123,POSTAGE
124,EASYANT
125,MJLINK
126,FINCN
127,SMX4KNL
128,MPMD
129,SCB
130,TST
131,ARROW
132,WSCOMMONS
133,TSIK
134,SLING
135,ARIES
136,DDLUTILS
137,SYNCOPE
138,AIRFLOW
139,DUBBO
140,LCN4C
141,CXF
142,BLAZE
143,PYLUCENE
144,MJARSIGNER
145,GOBBLIN
146,SQOOP
147,GORA
148,HARMONY
149,METAMODEL
150,JCRSITE
151,RANGER
152,TIKA
153,KNOX
154,JUDDI
155,CODEC
156,DIRTSEC
157,APOLLO
158,RIVER
159,MRELEASE
160,MDOAP
161,MSCRIPTING
162,RAVE
163,ECS
164,TENTACLES
165,MASSEMBLY
166,MARVIN
167,RYA
168,HTRACE
169,REEF
170,SSHD
171,OCM
172,MDEPLOY
173,KI
174,QUICKSTEP
175,BCEL
176,COMMONSSITE
177,MXNET
178,XAP
179,CAMEL
180,STANBOL
181,SANDESHA2C
182,AMBER
183,JXR
184,ATLAS
185,PROXY
186,TRAINING
187,JAXME
188,PROTOCOLS
189,LANG
190,VXQUERY
191,SMXCOMP
192,OPENJPA
193,RIPPLE
194,HUDI
195,CHAIN
196,LOGGING
197,IVY
198,DMAP
199,NIFI
200,DERBY
201,KYLIN
202,HERALDRY
203,JCS
204,AMQCLI
205,CASSANDRA
206,PODLINGNAMESEARCH
207,MESOS
208,TORQUEOLD
209,TATPI
210,MINSTALL
211,MJMOD
212,DOXIATOOLS
213,SHINDIG
214,CONNECTORS
215,WADI
216,SMX4
217,MCLEAN
218,LOG4NET
219,COR
220,MRUNIT
221,MAVIBOT
222,FORTRESS
223,MAHOUT
224,MUSE
225,LUCENE
226,AXISCPP
227,INCUBATOR
228,MNEMONIC
229,SYNAPSE
230,DIRSHARED
231,SINGA
232,ZIPKIN
233,TINKERPOP
234,FILEUPLOAD
235,NET
236,DAEMON
237,ONAMI
238,COUCHDB
239,COMMONSRDF
240,CTAKES
241,TM
242,PLANET
243,JOHNZON
244,MRAR
245,CLIMATE
246,ESCIMO
247,JXPATH
248,STEVE
249,OOZIE
250,EWS
251,OPENEJB
252,VCL
253,DORMANT
254,DIRAPI
255,KAND
256,MENFORCER
257,MRM
258,LIVY
259,SENTRY
260,BAHIR
261,DISPATCH
262,ATTIC
263,JSPWIKI
264,MINIFICPP
265,KALUMET
266,AGEOLD
267,DIRGROOVY
268,DATAFU
269,JCRCL
270,OPENNLP
271,DIGESTER
272,HAWQ
273,TASHI
274,STRATOS
275,MASFRES
276,PIO
277,FTPSERVER
278,MRESOLVER
279,CLKE
280,YARN
281,QPIDJMS
282,MANTRUN
283,AVALON
284,PROVISIONR
285,QPIDIT
286,MCHANGELOG
287,ADFFACES
288,EMAIL
289,OGNL
290,TEST6
291,MCOMPILER
292,DIRECTMEMORY
293,IMAGING
294,PB
295,MLINKCHECK
296,MATH
297,CONCERTED
298,TRANSPORTS
299,HAMA
300,GUMP
301,MSOURCES
302,JS2
303,NIFIREG
304,TAMAYA
305,OWB
306,MAILBOX
307,OLINGO
308,JSPF
309,RAMPART
310,XALANC
311,JCRRMI
312,MCHANGES
313,MPATCH
314,LOKAHI
315,FREEMARKER
316,MACR
317,EXLBR
318,TOOLS
319,EDGENT
320,MYNEWT
321,MPDF
322,NEMO
323,S4
324,SUPERSET
325,MJAVADOC
326,SEDONA
327,ESME
328,S2GRAPH
329,COTTON
330,NETBEANSINFRA
331,HDDS
332,TOMAHAWK
333,OPENOFFICE
334,SCIMPLE
335,SERF
336,AMQNET
337,WINK
338,ORCHESTRA
339,ROCKETMQ
340,FINERACT
341,METRON
342,EMPIREDB
343,BLUESKY
344,NLPCRAFT
345,TRINIDAD
346,SCXML
347,DAYTRADER
348,EL
349,CLEREZZA
350,SVN
351,DIRSERVER
352,FELIX
353,ADDR
354,MSCMPUB
355,TILESSHARED
356,AGE2
357,JCRVLT
358,ORP
359,STREAMS
360,HIVEMIND
361,TRANSACTION
362,RUNTIME
363,MARTIFACT
364,WHIMSY
365,PIRK
366,OEP
367,TS
368,PROTON
369,CS
370,SAMZA
371,XERCESJ
372,PIVOT
373,TEZ
374,AMATERASU
375,EVENTMESH
376,FC
377,TEXEN
378,SDAP
379,TORQUE
380,BVAL
381,HTTPDRAFT
382,MSKINS
383,MANT
384,JELLY
385,LUCENENET
386,JSEC
387,SAND
388,SITE
389,MYRIAD
390,PNIX
391,WHIRR
392,PETRI
393,ASFSITE
394,TRAFODION
395,ODE
396,MRQL
397,DIRSTUDIO
398,TUWENI
399,MDOCCK
400,AGILA
401,HIVE
402,EXTVAL
403,KUDU
404,ROL
405,INFRACLOUD1
406,CHAINSAW
407,FLEX
408,WODEN
409,PARQUET
410,HORN
411,COLLECTIONS
412,TILES
413,KATO
414,PORTLETBRIDGE
415,SHALE
416,DAFFODIL
417,CASSANDRASC
418,APEXMALHAR
419,BUILDR
420,CSV
421,CARBONDATA
422,TILESSHOW
423,BEAM
424,JDO
425,GEOMETRY
426,LIMINAL
427,DIRNAMING
428,ODFTOOLKIT
429,LOG4PHP
430,WSIF
431,DL
432,GRFT
433,ETCH
434,ANAKIA
435,JAMES
436,XALANJ
437,TAP5
438,SIRONA
439,TRB
440,FOR
441,MREPOSITORY
442,JCRBENCH
443,HDT
444,PULSAR
445,SUBMARINE
446,JCRTCK
447,NPANDAY
448,GEARPUMP
449,MFCOMMONS
450,NUMBERS
451,AXIOM
452,WHISKER
453,MEECROWAVE
454,MEJB
455,RAT
456,LAUNCHER
457,ECHARTS
458,ARCHETYPE
459,MJDEPS
460,OLTU
461,INFRA
462,MMETRIC
463,AMBARI
464,ZEPPELIN
465,CHUKWA
466,ACL
467,BETWIXT
468,DIRKRB
469,ANY23
470,YOKO
471,GUACAMOLE
472,STR
473,CONFIGURATION
474,PORTALS
475,WSS
476,MDEP
477,PLC4X
478,HISE
479,MPLUGINTESTING
480,SOAP
481,QPID
482,MADLIB
483,DISCOVERY
484,MINDEXER
485,CAY
486,TAVERNA
487,UNOMI
488,IVYDE
489,AMQCPP
490,JOSHUA
491,EXTSCRIPT
492,SPARK
493,FEEDPARSER
494,MFHTML5
495,MAILET
496,SANSELAN
497,STDCXX
498,DIRMINA
499,SLIDER
500,ACE
501,NUVEM
502,MECLIPSE
503,HUPA
504,VYSPER
505,POLYGENE
506,SB
507,FUNCTOR
508,STREAMPIPES
509,ACCUMULO
510,DELTASPIKE
511,DRILL
512,MSHARED
513,BATIK
514,HDFS
515,STORM
516,MIME4J
517,LOG4J2
518,MSHADE
519,MPT
520,PIG
521,PHOTARK
522,XMLBEANS
523,ATTRIBUTES
524,IBATIS
525,CACTUS
526,OMID
527,VELTOOLS
528,COMDEV
529,LABS
530,ARMI
531,PINOT
532,WEEX
533,MYNEWTDOC
534,MYFACESTEST
535,MINVOKER
536,PDFBOX
537,MTOOLCHAINS
538,JSIEVE
539,XGC
540,CELIX
541,LENS
542,WSRP4J
543,WAYANG
544,MJDEPRSCAN
545,SPOT
546,VALIDATOR
547,TOREE
548,JCI
549,OLIO
550,RNG
551,XERCESC
552,LEGAL
553,APA
554,GROOVY
555,JEXL
556,PHOENIX
557,FLUME
558,MSTAGE
559,HADOOP
560,MNGSITE
561,MPH
562,DBCP
563,SOLR
564,IOTDB
565,CRYPTO
566,HELIX
567,BEEHIVE
568,AMQ
569,WOOKIE
570,ORC
571,STUDIO
572,IGNITE
573,CORAL
574,KARAF
575,CRAIL
576,ASTERIXDB
577,JCLOUDS
578,XMLRPC
579,CRUNCH
580,IOTA
581,AUTOTAG
582,MRRESOURCES
583,MODELER
584,FLAGON
585,APISIX
586,MODPYTHON
587,FOP
588,OODT
589,STONEHENGE
590,LOGCXX
591,DEPOT
592,DOXIASITETOOLS
593,DATALAB
594,BEANUTILS
595,CXFXJC
596,XERCESP
597,RAMPARTC
598,PLUTO
599,CONTINUUM
600,DBF
601,MWRAPPER
602,GSHELL
603,BATCHEE
604,SANDBOX
605,SIS
606,MRESOURCES
607,MNG
608,EAGLE
609,IO
610,DBUTILS
611,LIBCLOUD
612,DTACLOUD
613,MVERIFIER
614,COCOON
615,ISIS
616,TAPESTRY
617,IMPERIUS
618,BOOKKEEPER
619,DROIDS
620,APLO
621,MPIR
622,SM
623,MILAGRO
624,TESTING
625,GERONIMO
626,MARCHETYPES
627,XW
628,TC
629,CMIS
630,KITTY
631,TOMEE
632,AXIS2C
633,TEXT
634,HBASE
635,WEAVER
636,CALCITE
637,SANTUARIO
638,EXTCDI
639,HCATALOG
640,EXEC
641,WAGON
642,JUNEAU
643,OPENAZ
644,AIRAVATA
645,FEDIZ
646,APEXCORE
647,CURATOR
648,OJB
649,XMLSCHEMA
650,UIMA
651,TEVAL
652,OAK
653,AXIS
654,HTTPCLIENT
655,GIRAPH
